CVE_ENT,Región,Mercado,Distribuidores principales,Concesionaria,VExperienciaClienteNov,VExperienciaClienteAcum,VSatisfacciónNov,VSatisfacciónAcum,VOpiniónGeneralNov,VOpiniónGenAcum,VEntregaNov,VEntregaAcum,VSeguimientoNov,VSeguimientoAcum,VQuejasNov,VQuejasAcum,VFConfianzaNov,VConfianzaAcum,VCalidadTNov,VCalidadTAcum
9,M1 - M1,A - A,"M1053 - Alden Concesionaria Tacubaya, S.A. de C.V. (grupo )","M1053 - Alden Concesionaria Tacubaya, S.A. de C.V.",89.6,72.8,78.1,75.5,81.2,80.4,81.2,68.7,75,75.4,62.5,81.9,90.6,77.5,96.9,86.2
9,M1 - M1,A - A,M1301 - Camsa (grupo ),M1301 - Camsa,79.7,66.2,87.5,72.2,90.6,73.5,90.6,62.6,75,67.7,75,77.9,84.4,73.5,90.6,82
9,M1 - M1,A - A,M1338 - Automovilistica Andrade (grupo ),M1338 - Automovilistica Andrade,93.8,76.5,87.5,77.5,100,81,100,73.5,100,82.8,100,82.1,100,80.7,100,88.7
15,M1 - M1,A - A,M1413 - Echegaray Automotores (grupo ),M1413 - Echegaray Automotores,-,71.3,-,75,-,83.5,-,67.5,-,73.6,-,84.9,-,70,-,78.1
9,M1 - M1,A - A,M1474 - Alden Tlalpan (grupo ),M1474 - Alden Tlalpan,100,82,100,82.1,100,90.6,100,79.6,100,92.9,100,83.1,93.8,78.9,100,85.2
9,M1 - M1,A - A,M1479 - Picacho Automotriz (grupo ),M1479 - Picacho Automotriz,97.5,79.1,100,77.1,100,84.7,95,76.5,80,87.3,100,80.3,95,79.9,100,86.4
9,M1 - M1,A - A,M1493 - Lomas Automotriz (grupo ),M1493 - Lomas Automotriz,100,86.7,100,85.8,100,91.2,100,87.1,100,93.7,100,85.9,100,87.6,100,90.5
9,M1 - M1,A - A,M1517 - Picacho Grupo Automotriz (Suc. Tlahuac) (grupo ),M1517 - Picacho Grupo Automotriz (Suc. Tlahuac),-,-,-,-,-,-,-,-,-,-,-,-,-,-,-,-
26,M1 - M1,A - A,M1524 - Surman Mexico (grupo ),M1524 - Surman Mexico,-,83.8,-,85.2,-,91.3,-,82.8,-,80.7,-,84.6,-,85.8,-,88.8
15,M1 - M1,A - A,M1606 - Vehiculos y Servicios Satelite (grupo ),M1606 - Vehiculos y Servicios Satelite,81.9,71.2,91.7,73.2,100,84.3,91.7,64.2,100,73.1,100,79.4,58.3,68.1,91.7,78.8
15,M1 - M1,A - A,M1697 - ACASA PERINORTE (grupo ),M1697 - ACASA PERINORTE,95.8,75.4,100,74.6,100,81.2,100,73.1,100,78.9,60,78,100,80.3,100,85.3
15,M1 - M1,B - B,M1221 - Zapata (grupo ),M1221 - Zapata,83.6,85.2,83.3,83.4,91.7,88.7,81.9,84.9,77.8,90.6,83.3,84.2,88.9,85.6,83.3,90.1
13,M1 - M1,B - B,M1333 - Zapata (Suc. Tulancingo) (grupo ),M1333 - Zapata (Suc. Tulancingo),-,-,-,-,-,-,-,-,-,-,-,-,-,-,-,-
9,M1 - M1,B - B,"M1468 - Mylsa, S.A. De C.V. (grupo )","M1468 - Mylsa, S.A. De C.V.",33.3,72.8,33.3,75,41.7,79,33.3,70.2,66.7,75.2,100,84.1,33.3,77.5,91.7,85.2
9,M1 - M1,B - B,M1477 - Ramsa Motors (grupo ),M1477 - Ramsa Motors,100,78.9,100,77.9,100,83.1,100,78.9,0,84.2,100,68.5,75,84.2,100,89.6
15,M1 - M1,B - B,M1505 - Dinastia Automotriz Mexico (grupo ),M1505 - Dinastia Automotriz Mexico,-62.5,78.6,-100,75.7,-100,83,-100,79.8,100,89,0,76.1,0,75.2,0,84.4
9,M1 - M1,B - B,M1511 - Cever Azcapotzalco (grupo ),M1511 - Cever Azcapotzalco,73.2,81.8,82.1,83.7,89.3,89,85.7,83.3,85.7,83.9,71.4,85.8,78.6,83.1,82.1,88.2
15,M1 - M1,B - B,M1516 - Santa Clara (grupo ),M1516 - Santa Clara,-,76.1,-,77.4,-,83.9,-,73.7,-,84,-,81.3,-,86,-,91.7
15,M1 - M1,B - B,M1519 - Gimsa Automotriz (Suc. Los Reyes) (grupo ),M1519 - Gimsa Automotriz (Suc. Los Reyes),100,84.2,100,82,100,87.6,100,85.4,100,84,100,87.1,100,84.3,100,86.2
15,M1 - M1,B - B,M1520 - Zapata (Suc. Atizapan) (grupo ),M1520 - Zapata (Suc. Atizapan),-,-,-,-,-,-,-,-,-,-,-,-,-,-,-,-
9,M1 - M1,B - B,M1526 - Mylsa (Suc. La Villa) (grupo ),M1526 - Mylsa (Suc. La Villa),-,-,-,-,-,-,-,-,-,-,-,-,-,-,-,-
15,M1 - M1,B - B,M1599 - Ecatepec (grupo ),M1599 - Ecatepec,-,80.5,-,79.3,-,83.9,-,78.6,-,79.8,-,81.7,-,84.1,-,81.6
15,M1 - M1,B - B,M1615 - Zapata (Suc. Texcoco) (grupo ),M1615 - Zapata (Suc. Texcoco),-,-,-,-,-,-,-,-,-,-,-,-,-,-,-,-
15,M1 - M1,B - B,M1626 - Sanchez Automotriz (grupo ),M1626 - Sanchez Automotriz,-12.5,83.2,100,82.2,100,85.7,-75,77,100,85,100,83.2,0,82.5,100,90.7
15,M1 - M1,B - B,M1687 - Gimsa Automotriz (grupo ),M1687 - Gimsa Automotriz,97.2,84.9,100,84.7,95.8,89.4,100,83.5,83.3,88.3,83.3,83,100,88.5,100,89.2
13,M1 - M1,B - B,M1693 - Zapata (Suc. Pachuca) (grupo ),M1693 - Zapata (Suc. Pachuca),-,-,-,-,-,-,-,-,-,-,-,-,-,-,-,-
17,M1 - M1,D - D,M1027 - Motores de Morelos (grupo ),M1027 - Motores de Morelos,98.3,84.3,60,80.2,100,88.4,100,81,100,87.9,100,81,95,87.4,95,89.8
31,M1 - M1,D - D,"M1072 - CDA Peninsula, S.A. de C.V. (grupo )","M1072 - CDA Peninsula, S.A. de C.V.",45.8,80.5,87.5,79.1,50,87.5,87.5,79,0,82.1,50,85,75,79.9,75,85.8
31,M1 - M1,D - D,"M1072 - CDA Peninsula, S.A. de C.V. (grupo )",M1728 - CDA Peninsula (Suc. Aeropuerto),-,-,-,-,-,-,-,-,-,-,-,-,-,-,-,-
4,M1 - M1,D - D,M1073 - CDA Peninsula (Suc. Campeche) (grupo ),M1073 - CDA Peninsula (Suc. Campeche),100,88.1,100,86.2,100,93.3,100,84.4,100,91.1,100,84.4,100,86.9,100,93.2
12,M1 - M1,D - D,M1188 - Acapulco (grupo ),M1188 - Acapulco,-,84.3,-,85.5,-,88.3,-,78.6,-,90.7,-,78.9,-,84.4,-,89.9
7,M1 - M1,D - D,"M1299 - Distribuidores de Autocamiones de Chiapas, S.A. de C.V. (grupo )","M1299 - Distribuidores de Autocamiones de Chiapas, S.A. de C.V.",74,81.3,56.2,76.2,100,89.5,50,79.5,100,89.9,50,78.4,68.8,78.2,75,87.4
27,M1 - M1,D - D,M1331 - Tabasco Automovilistica (grupo ),M1331 - Tabasco Automovilistica,95.1,86.3,95.8,84.5,100,91.1,100,82.9,83.3,92.7,100,80.7,79.2,84.9,95.8,90.2
30,M1 - M1,D - D,M1393 - Juan Osorio Lopez Autos (grupo ),M1393 - Juan Osorio Lopez Autos,81.2,82,87.5,82,87.5,86.5,87.5,81.9,100,87.2,50,83.9,-12.5,80.5,87.5,83.8
30,M1 - M1,D - D,M1396 - Juan Osorio Lopez Autos Minatitlan (grupo ),M1396 - Juan Osorio Lopez Autos Minatitlan,-,89.6,-,90.3,-,92.4,-,89.9,-,95.7,-,88.8,-,86.2,-,92.7
7,M1 - M1,D - D,M1402 - DISAUTO (Suc. San Cristobal) (grupo ),M1402 - DISAUTO (Suc. San Cristobal),-,-,-,-,-,-,-,-,-,-,-,-,-,-,-,-
7,M1 - M1,D - D,M1403 - Autocamiones de Tapachula (Suc. Comitan) (grupo ),M1403 - Autocamiones de Tapachula (Suc. Comitan),-,-,-,-,-,-,-,-,-,-,-,-,-,-,-,-
27,M1 - M1,D - D,M1412 - Tabasco Automovilistica (Suc. ATASTA) (grupo ),M1412 - Tabasco Automovilistica (Suc. ATASTA),-,-,-,-,-,-,-,-,-,-,-,-,-,-,-,-
23,M1 - M1,D - D,M1414 - CDA Peninsula (Suc. Riviera Maya) (grupo ),M1414 - CDA Peninsula (Suc. Riviera Maya),-,-,-,-,-,-,-,-,-,-,-,-,-,-,-,-
7,M1 - M1,D - D,M1415 - Autocamiones de Tapachula (grupo ),M1415 - Autocamiones de Tapachula,87.5,70.3,87.5,65.1,100,73.4,100,65.6,100,77.4,100,78.5,87.5,73.4,100,87.9
7,M1 - M1,D - D,M1415 - Autocamiones de Tapachula (grupo ),M1790 - Autocamiones de Tapachula (Suc. Arriaga),-,-,-,-,-,-,-,-,-,-,-,-,-,-,-,-
27,M1 - M1,D - D,M1494 - Chontalpa Automovilistica (grupo ),M1494 - Chontalpa Automovilistica,-,91.1,-,86.6,-,96.2,-,87,-,90.3,-,84.7,-,89.7,-,94.8
20,M1 - M1,D - D,M1638 - Jol Automotriz del Istmo (Suc. Istmo) (grupo ),M1638 - Jol Automotriz del Istmo (Suc. Istmo),-,86.1,-,72.6,-,92.2,-,87.5,-,96.9,-,93.8,-,91.4,-,96.1
23,M1 - M1,D - D,M1641 - CDA Peninsula (Suc. Cancun) (grupo ),M1641 - CDA Peninsula (Suc. Cancun),98.6,78.9,100,77.9,100,87.4,100,79.5,100,82.9,100,81.2,100,75.3,91.7,83.5
12,M1 - M1,D - D,M1777 - Motores de Guerrero (grupo ),M1777 - Motores de Guerrero,97.2,84.9,100,82.8,100,86.4,91.7,87.9,100,86.8,100,86.8,91.7,86.2,100,95.9
4,M1 - M1,D - D,M1780 - Carmen Automotriz (grupo ),M1780 - Carmen Automotriz,-,-,-,-,-,-,-,-,-,-,-,-,-,-,-,-
21,M1 - M1,F - F,M1320 - Rivera (grupo ),M1320 - Rivera,84.2,83.4,95,83.4,75,86.6,100,77.8,80,86.1,100,86.6,93.8,85,93.8,84.5
29,M1 - M1,F - F,M1375 - Autos de Tlaxcala (grupo ),M1375 - Autos de Tlaxcala,83.3,80.9,75,78.4,100,84.1,100,82.1,0,70.7,0,82.8,0,82.4,75,91.7
29,M1 - M1,F - F,M1500 - Rivera (Suc. Angelopolis) (grupo ),M1500 - Rivera (Suc. Angelopolis),86.5,75.3,87.5,78.6,100,83.1,87.5,76.5,75,71.2,100,84.1,50,74.2,87.5,83
29,M1 - M1,F - F,M1509 - Automotriz Jalbra (grupo ),M1509 - Automotriz Jalbra,98.6,82.9,100,78.6,100,88.4,100,82,100,91.8,66.7,82.3,100,85.4,100,88.9
20,M1 - M1,F - F,M1518 - Rispe Tuxtepec (grupo ),M1518 - Rispe Tuxtepec,-,-,-,-,-,-,-,-,-,-,-,-,-,-,-,-
20,M1 - M1,F - F,M1698 - Dinastia Automotriz Oaxaca (grupo ),M1698 - Dinastia Automotriz Oaxaca,50,88.1,87.5,87.5,87.5,92.4,50,86.6,50,91.2,0,81.2,87.5,83.5,100,88.7
30,M1 - M1,F - F,M3022 - Automotriz de Tuxpam (grupo ),M3022 - Automotriz de Tuxpam,100,86,100,85.4,100,90.9,100,78.7,100,87.8,100,85.4,100,89,100,88.4
30,M1 - M1,F - F,M3028 - Automotriz Huasteca (grupo ),M3028 - Automotriz Huasteca,97.2,79.2,100,78,100,80.1,100,75.3,100,87.8,100,81,100,78,100,89
30,M1 - M1,F - F,"M3107 - Automovilistica Veracruzana, S.A. DE C.V. (grupo )","M3107 - Automovilistica Veracruzana, S.A. DE C.V.",-,87.2,-,87.3,-,91.7,-,88.2,-,87.6,-,83.9,-,88.2,-,91.3
30,M1 - M1,F - F,M3116 - Super Autos Jalapa (grupo ),M3116 - Super Autos Jalapa,86.7,83,70,82.2,90,85.3,90,84.4,100,78.6,80,84.6,60,86.3,75,86.5
30,M1 - M1,F - F,M3122 - Cordoba Automotriz (grupo ),M3122 - Cordoba Automotriz,100,80.2,100,81.8,100,85.7,100,77.7,100,80,0,77,100,83.3,100,88.4
21,M1 - M1,F - F,M3243 - Vehiculos de Teziutlan (grupo ),M3243 - Vehiculos de Teziutlan,91.7,85.9,75,82.7,100,85.1,100,82.7,100,87.8,100,97.6,100,92.1,100,95.7
30,M1 - M1,F - F,M3515 - Autos Mil Cien (grupo ),M3515 - Autos Mil Cien,-,81.6,-,80.1,-,83.8,-,74.3,-,93,-,76.7,-,84.6,-,87.2
30,M1 - M1,F - F,M3603 - Vehiculos de Martinez (grupo ),M3603 - Vehiculos de Martinez,-,91.4,-,86.8,-,91.2,-,89.7,-,100,-,87.5,-,88.3,-,95.3
21,M1 - M1,F - F,M3666 - Mylsa Tehuacan (grupo ),M3666 - Mylsa Tehuacan,-,74.3,-,80.3,-,80.9,-,70.7,-,83,-,87.2,-,81,-,88.8
30,M1 - M1,F - F,M3787 - Rispe Automotriz (grupo ),M3787 - Rispe Automotriz,-,-,-,-,-,-,-,-,-,-,-,-,-,-,-,-
14,M2 - M2,A - A,M2164 - Plasencia Guadalajara (grupo ),M2164 - Plasencia Guadalajara,89.2,84.3,90,82.3,97.5,89,90,82.4,100,89,80,84.9,87.5,85.7,95,89.8
18,M2 - M2,A - A,M2268 - Plasencia de Nayarit (grupo ),M2268 - Plasencia de Nayarit,-,81.9,-,83.9,-,87.5,-,77.7,-,93.2,-,82.6,-,84.8,-,84.4
14,M2 - M2,A - A,M2319 - Jalisco Motors (grupo ),M2319 - Jalisco Motors,64.6,88.3,50,89.6,50,90.6,50,87.4,100,91.6,100,89.6,75,88.1,87.5,91.1
25,M2 - M2,A - A,M2334 - Plasencia Mazatlan (grupo ),M2334 - Plasencia Mazatlan,-,88.1,-,87.2,-,93,-,85.5,-,93.5,-,89.2,-,87.5,-,89.8
14,M2 - M2,A - A,M2364 - Jimenez Automotriz (grupo ),M2364 - Jimenez Automotriz,-,83.7,-,83.2,-,90.4,-,82.9,-,91.9,-,82.6,-,82,-,87.2
14,M2 - M2,A - A,M2408 - Plasencia Guadalajara (Suc.Santa Anita) (grupo ),M2408 - Plasencia Guadalajara (Suc.Santa Anita),-,-,-,-,-,-,-,-,-,-,-,-,-,-,-,-
14,M2 - M2,A - A,M2436 - Plasencia Puerto Vallarta (grupo ),M2436 - Plasencia Puerto Vallarta,100,92.6,100,96.5,100,95.3,100,94.1,66.7,92.2,100,96.9,100,93,100,96.1
3,M2 - M2,A - A,M2457 - Automotriz Baja Cal (grupo ),M2457 - Automotriz Baja Cal,95.8,80.4,91.7,79.2,100,85.5,91.7,72.9,100,87,66.7,78.5,91.7,82,58.3,86.2
14,M2 - M2,A - A,M2478 - Tepatitlan Motors (grupo ),M2478 - Tepatitlan Motors,-,94.1,-,94.4,-,94.4,-,94.8,-,95.2,-,79.4,-,91.7,-,91.3
14,M2 - M2,A - A,M2497 - Country Motors (grupo ),M2497 - Country Motors,94.4,86.6,100,85.5,66.7,93.2,100,86.8,100,89.1,66.7,84,100,87.6,100,90.9
14,M2 - M2,A - A,M2525 - Country Motors (Suc. Country Zoo) (grupo ),M2525 - Country Motors (Suc. Country Zoo),-,-,-,-,-,-,-,-,-,-,-,-,-,-,-,-
14,M2 - M2,A - A,M2645 - Centro Automotriz Vallarta (grupo ),M2645 - Centro Automotriz Vallarta,87.5,85.5,92.9,82.4,92.9,90.9,78.6,85.4,85.7,92.1,85.7,83.8,96.4,83.9,96.4,85.2
1,M2 - M2,B - B,M2018 - AP Automotriz (grupo ),M2018 - AP Automotriz,-,88.9,-,90.7,-,92.9,-,88.3,-,89.6,-,88.5,-,83.3,-,89.7
11,M2 - M2,B - B,M2114 - Rangel de Alba (grupo ),M2114 - Rangel de Alba,68.8,71.6,75,82.4,100,80.4,75,70.2,50,73.1,100,82.7,75,76.5,87.5,84.6
11,M2 - M2,B - B,M2297 - Leon Automotriz (grupo ),M2297 - Leon Automotriz,58.3,85,75,84.1,100,88.8,100,79.5,100,89,100,88.4,100,86.4,100,94
24,M2 - M2,B - B,M2377 - Autos SS de San Luis Potosi (grupo ),M2377 - Autos SS de San Luis Potosi,99,75.6,100,77.7,100,79.5,100,71.3,100,84.8,100,79.1,93.8,84.8,100,92.5
24,M2 - M2,B - B,M2510 - Automotriz Lomas San Luis (grupo ),M2510 - Automotriz Lomas San Luis,76.4,81.5,91.7,79.8,66.7,86.1,91.7,84.6,100,82.7,66.7,80.6,100,78.8,91.7,86.1
1,M2 - M2,B - B,M2514 - Aguascalientes Automotriz (grupo ),M2514 - Aguascalientes Automotriz,-,91.5,-,87.3,-,90.6,-,90.9,-,91.3,-,88.4,-,93.1,-,92.4
14,M2 - M2,B - B,M2643 - Lagos Autocamiones (grupo ),M2643 - Lagos Autocamiones,-,82,-,81.1,-,83.6,-,80.2,-,87.7,-,87.7,-,79.3,-,88.6
14,M2 - M2,B - B,M2677 - Ramsa Leon (grupo ),M2677 - Ramsa Leon,-,74.6,-,76,-,76.6,-,79,-,77.8,-,84.1,-,79,-,88.3
14,M2 - M2,B - B,"M2683 - Ramsa San Miguel,S.A. De C.V. (grupo )","M2683 - Ramsa San Miguel,S.A. De C.V.",-,-,-,-,-,-,-,-,-,-,-,-,-,-,-,-
6,M2 - M2,B - B,M2694 - Cavsa Colima Automotriz (grupo ),M2694 - Cavsa Colima Automotriz,-,90.6,-,86.1,-,94.4,-,84.3,-,88.5,-,81.5,-,98.1,-,90.7
32,M2 - M2,B - B,M2695 - Autos de Calidad de Zacatecas (grupo ),M2695 - Autos de Calidad de Zacatecas,-,81.9,-,79.4,-,88.5,-,77.9,-,87.3,-,80.4,-,88.9,-,90.6
11,M2 - M2,C - C,M2080 - Distribuidora Regional (grupo ),M2080 - Distribuidora Regional,62.5,78.7,75,83.1,75,79.2,75,78,0,78,100,84.3,75,75.3,100,86.7
14,M2 - M2,C - C,M2091 - Jimenez (grupo ),M2091 - Jimenez,83.3,90,75,88.6,87.5,94,100,88.7,100,93.1,100,84.6,100,84.8,100,89.8
16,M2 - M2,C - C,M2104 - Morelia Automotriz (grupo ),M2104 - Morelia Automotriz,-,77,-,79.6,-,81.1,-,75.9,-,84.9,-,85.2,-,77.8,-,88.4
22,M2 - M2,C - C,M2137 - Mylsa Queretaro (grupo ),M2137 - Mylsa Queretaro,95.8,59.9,87.5,61,87.5,64.5,87.5,53.8,100,78.6,100,75,100,69.4,100,80
16,M2 - M2,C - C,M2453 - Vehiculos Automotrices de La Piedad (grupo ),M2453 - Vehiculos Automotrices de La Piedad,83.3,81.5,100,77.9,100,87.9,41.7,77.2,66.7,78.1,100,70.6,66.7,76.5,100,80.9
22,M2 - M2,C - C,M2507 - Montes Queretaro (grupo ),M2507 - Montes Queretaro,93.1,78.1,33.3,77.4,100,81.7,100,78.6,100,78,100,86.1,66.7,73.5,91.7,81.7
16,M2 - M2,C - C,M2625 - Automotriz del Valle de Zamora (grupo ),M2625 - Automotriz del Valle de Zamora,100,93,100,94.5,100,95.4,100,93.8,100,93.5,100,92.4,100,90.1,100,93.3
11,M2 - M2,C - C,M2648 - Autos SS de Irapuato (grupo ),M2648 - Autos SS de Irapuato,94.2,81.4,95,80.4,100,86.7,90,78.6,80,84.6,100,87.3,90,82.2,95,89.8
16,M2 - M2,C - C,M2688 - Ravisa Motors (grupo ),M2688 - Ravisa Motors,29.2,78.2,100,80.1,75,85,100,75.3,100,85.9,100,84.4,-75,75.8,75,87.9
19,M2 - M2,D - D,"M3044 - Automoviles, S.A. de C.V. (grupo )","M3044 - Automoviles, S.A. de C.V.",-,66,-,55,-,58.3,-,50,-,100,-,100,-,62.5,-,79.2
19,M3 - M3,A - A,M3011 - Autokam Automotriz (grupo ),M3011 - Autokam Automotriz,100,85.7,100,89.1,100,88.3,100,86.5,100,89.4,75,87.7,100,89,93.8,93.9
5,M3 - M3,A - A,M3014 - Jacobo Rodriguez Motors (grupo ),M3014 - Jacobo Rodriguez Motors,99,83.9,100,84.4,100,83.5,93.8,80.4,100,89.1,75,77.5,100,85.9,100,85.7
28,M3 - M3,A - A,M3016 - Mexicana Automotriz (Suc. Matamoros) (grupo ),M3016 - Mexicana Automotriz (Suc. Matamoros),100,90.8,100,90,100,95,100,100,100,60,100,80,100,80,100,95
5,M3 - M3,A - A,M3034 - Automotriz Monclova (grupo ),M3034 - Automotriz Monclova,98.6,83.7,100,78.9,100,84.3,100,80.1,100,86.4,100,86.4,100,80.1,100,92.4
19,M3 - M3,A - A,"M3035 - Automotriz Monterrey, S. A. de C.V. (grupo )","M3035 - Automotriz Monterrey, S. A. de C.V.",-,85.3,-,83.6,-,84.9,-,85.1,-,85.1,-,88.6,-,84.6,-,87.5
28,M3 - M3,A - A,M3037 - Automotriz Reynosa (grupo ),M3037 - Automotriz Reynosa,98.6,82,100,81.5,100,86,100,82.2,66.7,84.8,100,84.8,100,82.8,100,93.1
28,M3 - M3,A - A,"M3102 - Mexicana Automotriz, S.A. de C.V. (grupo )","M3102 - Mexicana Automotriz, S.A. de C.V.",-,67.2,-,75.9,-,81,-,51.7,-,72.4,-,85.7,-,80.4,-,95.5
19,M3 - M3,A - A,M3140 - Auto Camiones Universidad (grupo ),M3140 - Auto Camiones Universidad,83.3,83.1,75,80.3,87.5,85.8,87.5,79.4,0,86.4,100,83.9,37.5,86.9,100,91
24,M3 - M3,A - A,M3181 - Automoviles de Valles (grupo ),M3181 - Automoviles de Valles,70.8,91.6,75,89.2,100,93.9,0,87.8,100,89.2,100,89.2,100,94.6,100,98
5,M3 - M3,A - A,M3447 - Automotores Coahuilenses (grupo ),M3447 - Automotores Coahuilenses,89.8,86,94.4,83.8,97.2,92,69.4,81.9,100,87.3,77.8,85.7,88.9,87.8,94.4,91.7
19,M3 - M3,A - A,M3522 - Auto Camiones Universidad (Suc. La Fe) (grupo ),M3522 - Auto Camiones Universidad (Suc. La Fe),-,82.7,-,83.2,-,88.3,-,82.4,-,78.6,-,86.7,-,86.3,-,86.2
28,M3 - M3,A - A,M3527 - Vista Hermosa Laredo Motors (grupo ),M3527 - Vista Hermosa Laredo Motors,-,84,-,78.8,-,80.5,-,84.2,-,75.3,-,75.3,-,89,-,94.5
19,M3 - M3,A - A,M3654 - Car One Valle (grupo ),M3654 - Car One Valle,66.7,82.2,0,77.7,75,87.8,0,84.5,0,79.5,0,83.1,75,82.6,75,87.3
19,M3 - M3,A - A,M3788 - Automotores Cumbres (grupo ),M3788 - Automotores Cumbres,89.2,82.2,90,79.4,95,85.6,95,84.2,60,78.9,100,81.1,95,79.4,80,82.9
28,M3 - M3,B - B,M3020 - Automotriz Tampico (grupo ),M3020 - Automotriz Tampico,-66.7,77,-100,73.8,0,83.5,-75,72.9,0,73.3,0,81.7,-75,75,0,81.4
28,M3 - M3,B - B,M3039 - Automotriz Victoria (grupo ),M3039 - Automotriz Victoria,100,81,100,80.2,100,81.9,100,73,100,93.1,100,81.6,100,84.3,100,89.1
8,M3 - M3,B - B,M3065 - Productos Automotrices (Suc. Parral) (grupo ),M3065 - Productos Automotrices (Suc. Parral),-,-,-,-,-,-,-,-,-,-,-,-,-,-,-,-
8,M3 - M3,B - B,M3074 - Chihuahua Motors (grupo ),M3074 - Chihuahua Motors,97.9,81,100,79.9,100,80.3,100,78.3,100,86.8,100,86.8,50,82,87.5,86.8
5,M3 - M3,B - B,M3077 - Distribuidora de Automoviles (grupo ),M3077 - Distribuidora de Automoviles,-91.7,86,-100,86.2,-75,89.3,-100,87,0,73.5,0,90,-100,81,-100,89
10,M3 - M3,B - B,M3101 - CEVER DURANGO (grupo ),M3101 - CEVER DURANGO,100,80,100,82.1,100,87.6,100,80.6,100,87.9,50,87.9,100,79.9,100,85.4
28,M3 - M3,B - B,M3121 - Superservicio (grupo ),M3121 - Superservicio,100,80.1,100,81.6,100,84.3,100,76.7,100,76.1,66.7,83.1,91.7,79,100,88.4
8,M3 - M3,B - B,M3161 - Chihuahua Motors (Suc. Cuauhtemoc) (grupo ),M3161 - Chihuahua Motors (Suc. Cuauhtemoc),-,-,-,-,-,-,-,-,-,-,-,-,-,-,-,-
10,M3 - M3,B - B,M3332 - Centro Automotriz de la Laguna (grupo ),M3332 - Centro Automotriz de la Laguna,-,88.1,-,92,-,93.2,-,86.1,-,82.7,-,82.7,-,84.8,-,88.8
8,M3 - M3,B - B,M3357 - Productos Automotrices (Suc. Delicias) (grupo ),M3357 - Productos Automotrices (Suc. Delicias),-,-,-,-,-,-,-,-,-,-,-,-,-,-,-,-
8,M3 - M3,B - B,"M3440 - Productos Automotrices, S.A. (grupo )","M3440 - Productos Automotrices, S.A.",100,86.2,100,84.4,100,89.2,100,84.7,85.7,90.8,71.4,84.3,100,87.4,100,91.9
8,M3 - M3,B - B,M3480 - Productos Automotrices (Suc. Casas Grandes) (grupo ),M3480 - Productos Automotrices (Suc. Casas Grandes),-,-,-,-,-,-,-,-,-,-,-,-,-,-,-,-
5,M3 - M3,B - B,M3485 - Automotriz Elfer (grupo ),M3485 - Automotriz Elfer,100,90.1,-,90.4,100,93.9,100,90.9,100,91.2,100,89,100,90.1,100,94.4
26,M3 - M3,C - C,M2050 - Autos y Accesorios (grupo ),M2050 - Autos y Accesorios,-,82.8,-,76.7,-,89.2,-,79.4,-,83.7,-,83,-,83.5,-,90.9
26,M3 - M3,C - C,M2050 - Autos y Accesorios (grupo ),M2051 - Autos y Accesorios (Suc. Navojoa),-,-,-,-,-,-,-,-,-,-,-,-,-,-,-,-
2,M3 - M3,C - C,M2270 - Automotriz del Valle de Baja California (grupo ),M2270 - Automotriz del Valle de Baja California,93.8,78,87.5,81.2,100,80.5,100,79.4,50,83,100,85.3,100,80.6,100,87.7
25,M3 - M3,C - C,M2271 - Autos y Accesorios (Suc. Los Mochis) (grupo ),M2271 - Autos y Accesorios (Suc. Los Mochis),-,-,-,-,-,-,-,-,-,-,-,-,-,-,-,-
25,M3 - M3,C - C,M2339 - Autos y Tractores de Culiacan (grupo ),M2339 - Autos y Tractores de Culiacan,79.2,80.7,87.5,76.1,50,83.4,87.5,80.1,50,79.5,100,79.8,87.5,78.4,100,83.1
26,M3 - M3,C - C,M2397 - Automoviles de Caborca (grupo ),M2397 - Automoviles de Caborca,83.3,96,75,96.7,75,99.2,100,90.8,100,96.7,0,96.7,100,95.8,75,95.8
2,M3 - M3,C - C,M2410 - Surman BC (Suc.Ensenada) (grupo ),M2410 - Surman BC (Suc.Ensenada),-,-,-,-,-,-,-,-,-,-,-,-,-,-,-,-
26,M3 - M3,C - C,"M2633 - Autos De Hermosillo, Sa De Cv (grupo )","M2633 - Autos De Hermosillo, Sa De Cv",84.7,84.7,91.7,87.6,100,90.3,91.7,80.6,100,87.2,100,86.5,91.7,88,100,92.1
26,M3 - M3,C - C,"M2633 - Autos De Hermosillo, Sa De Cv (grupo )",M2791 - Autos de Hermosillo (Suc. Nogales),-,-,-,-,-,-,-,-,-,-,-,-,-,-,-,-
2,M3 - M3,C - C,M2686 - SURMAN BC (grupo ),M2686 - SURMAN BC,100,74.3,100,70.6,100,81,100,70.9,100,73.6,100,76.9,100,74.2,100,83.6
8,M3 - M3,C - C,M3288 - Alden Juarez (grupo ),M3288 - Alden Juarez,97.9,87.9,100,84.7,100,92.6,100,89.4,100,90.9,100,84.6,87.5,88,87.5,88
9,M4 - M4,A - A,M1555 - Lincoln Picacho (grupo ),M1555 - Lincoln Picacho,-,-,-,-,-,-,-,-,-,-,-,-,-,-,-,-
9,M4 - M4,A - A,M1577 - Lincoln Interlomas (grupo ),M1577 - Lincoln Interlomas,-,-,-,-,-,-,-,-,-,-,-,-,-,-,-,-
23,M4 - M4,A - A,M1578 - Lincoln Cancun (grupo ),M1578 - Lincoln Cancun,-,-,-,-,-,-,-,-,-,-,-,-,-,-,-,-
2,M4 - M4,A - A,M2561 - Lincoln BC (grupo ),M2561 - Lincoln BC,-,-,-,-,-,-,-,-,-,-,-,-,-,-,-,-
26,M4 - M4,A - A,M2562 - Lincoln Hermosillo (grupo ),M2562 - Lincoln Hermosillo,-,-,-,-,-,-,-,-,-,-,-,-,-,-,-,-
14,M4 - M4,A - A,M2567 - Lincoln CAVSA (grupo ),M2567 - Lincoln CAVSA,-,-,-,-,-,-,-,-,-,-,-,-,-,-,-,-
25,M4 - M4,A - A,M2571 - Lincoln Sinaloa (grupo ),M2571 - Lincoln Sinaloa,-,-,-,-,-,-,-,-,-,-,-,-,-,-,-,-
19,M4 - M4,A - A,M3557 - Lincoln Monterrey (grupo ),M3557 - Lincoln Monterrey,-,-,-,-,-,-,-,-,-,-,-,-,-,-,-,-
8,M4 - M4,A - A,M3566 - Lincoln Chihuahua (grupo ),M3566 - Lincoln Chihuahua,-,-,-,-,-,-,-,-,-,-,-,-,-,-,-,-
5,M4 - M4,A - A,M3569 - Lincoln Laguna (grupo ),M3569 - Lincoln Laguna,-,-,-,-,-,-,-,-,-,-,-,-,-,-,-,-
