CVE_ENT,Región,Mercado,Concesionaria,VExperienciaClienteNov,VExperienciaClienteAcum,VSatisfacciónNov,VSatisfacciónAcum,VFConfianzaNov,VConfianzaAcum,VCalidadTNov,VCalidadTAcum,VAtenciónNov,VAtenciónAcum,VAparienciaFísNov,VAparienciaFísAcum,VOpiniónGeneralNov,VOpiniónGenAcum,VCortesíaNov,VCortesíaAcum,VConocimientoNov,VConocimientoAcum,VAyudaNov,AAyudaNov,VInvitaciónNov,VInvitaciónAcum,VPManejoNov,VPManejoAcum,VExperienciaPagoNov,VExperienciaPagoAcum,VProductosFinNov,VProductosFinAcum,VOpcionPagoNov,VOpciónPagoAcum,VContratoNov,VContratoAcum,VTDocsNov,VTDocsAcum,VEntregaNov,VEntregaAcum,VEntregaFechaNov,VEntregaFechaAcum,VLimpiezaNov,VLimpiezaAcum,VEstaodoNov,VEstadoAcum,VExplicaciónCarNov,VExplicaciónCarAcum,VTEntregaNov,VTEntregaAcum,VEAgendarNov,VEAgendaAcum,VLVerificaciónNov,VLVerificaciónAcum,VCompromisosNov,VCompromisosAcum,VSeguimientoNov,VSeguimientoAcum,VQuejasNov,VQuejasAcum,VVelocidadQuejasNov,VVelocidadQuejasAcum,VEncantoNov,VEncantoAcum,VCompartirNov,VCompartirAcum
9,M1 - M1,A - A,M1053,89.6,72.8,78.1,75.5,90.6,77.5,96.9,86.2,84.4,77.1,71.9,73.5,81.2,80.4,91.7,62.9,50,33.2,66.7,44.1,100,58.2,100,78.6,90.6,70.1,91.7,46.6,91.7,47.3,75,34.1,83.3,33.5,81.2,68.7,83.3,6,91.7,59.1,58.3,56.7,58.3,50.3,83.3,19.2,58.3,33.8,100,94.1,96.9,70.1,75,75.4,62.5,81.9,66.7,22,93.8,76.1,93.8,71.5
9,M1 - M1,A - A,M1301,79.7,66.2,87.5,72.2,84.4,73.5,90.6,82,65.6,72.6,53.1,67.5,90.6,73.5,100,64.2,75,38.1,83.3,39.6,100,54.6,50,72.4,81.2,66.6,83.3,39.2,83.3,41.3,83.3,38.5,83.3,31.5,90.6,62.6,91.7,16.9,83.3,54.2,66.7,56.6,83.3,49.2,75,26.1,58.3,25,100,91.6,71.9,64.8,75,67.7,75,77.9,75,0.6,71.9,68.9,71.9,61.1
9,M1 - M1,A - A,M1338,93.8,76.5,87.5,77.5,100,80.7,100,88.7,87.5,79.5,100,73,100,81,-,58.3,-,39.2,-,33.5,-,50,100,70.1,100,72.4,-,47.1,-,45.5,-,37.9,-,31.4,100,73.5,-,20.5,-,50,-,51.2,-,47.2,-,26.8,-,22,100,93.3,87.5,73.7,100,82.8,100,82.1,-,10.5,87.5,81.2,87.5,77.2
15,M1 - M1,A - A,M1413,-,71.3,-,75,-,70,-,78.1,-,83.8,-,70,-,83.5,-,61.1,-,32.4,-,38.9,-,47.1,-,76,-,65.8,-,49.4,-,56.7,-,43.5,-,31.2,-,67.5,-,23.8,-,63.8,-,61.5,-,46.9,-,31.2,-,16.7,-,92.3,-,68.2,-,73.6,-,84.9,-,32.8,-,77.1,-,65.7
9,M1 - M1,A - A,M1474,100,82,100,82.1,93.8,78.9,100,85.2,100,87.2,100,83.6,100,90.6,-,61.2,-,33.1,-,35,-,50.6,100,84.6,100,80.2,-,51.4,-,55.8,-,50,-,45.7,100,79.6,-,21.9,-,52.3,-,54.3,-,45.4,-,35,-,50.6,100,98.4,100,78.4,100,92.9,100,83.1,-,39.6,100,84.4,100,79.2
9,M1 - M1,A - A,M1479,97.5,79.1,100,77.1,95,79.9,100,86.4,93.8,81.4,95,78.1,100,84.7,-,63.6,-,29.7,-,37.8,-,55.7,100,82.6,100,81.4,-,47.6,-,47.5,-,40.6,-,45.1,95,76.5,75,4,100,52.1,100,51.6,100,52.9,100,25.4,100,22.1,100,94.3,100,75.2,80,87.3,100,80.3,-,29.3,95,80.7,95,75.9
9,M1 - M1,A - A,M1493,100,86.7,100,85.8,100,87.6,100,90.5,100,90.3,100,84.5,100,91.2,-,77.2,-,38.2,-,48.5,-,58.8,100,86.6,100,87.1,-,58.8,-,58.6,-,58.2,-,60.9,100,87.1,-,16.5,-,63.6,-,69,-,43.9,-,40.8,-,59,100,96.6,100,85.6,100,93.7,100,85.9,-,45.7,100,86.7,100,82.7
9,M1 - M1,A - A,M1517,-,-,-,-,-,-,-,-,-,-,-,-,-,-,-,-,-,-,-,-,-,-,-,-,-,-,-,-,-,-,-,-,-,-,-,-,-,-,-,-,-,-,-,-,-,-,-,-,-,-,-,-,-,-,-,-,-,-,-,-,-,-
26,M1 - M1,A - A,M1524,-,83.8,-,85.2,-,85.8,-,88.8,-,87.3,-,77.7,-,91.3,-,83.6,-,68,-,65.6,-,61.7,-,74.9,-,78.6,-,56.2,-,63.6,-,59.6,-,50.5,-,82.8,-,56.1,-,59.2,-,59.9,-,67.3,-,43.2,-,23.6,-,94.3,-,81.6,-,80.7,-,84.6,-,27.8,-,87.6,-,81
15,M1 - M1,A - A,M1606,81.9,71.2,91.7,73.2,58.3,68.1,91.7,78.8,91.7,77.8,83.3,64.6,100,84.3,-,65.4,-,33.8,-,35.3,-,44.1,100,75.2,33.3,67.1,0,44.4,50,50.5,75,42.9,37.5,36.6,91.7,64.2,75,22.5,75,49.2,75,54.9,75,47.3,0,30.6,75,36.2,100,93.3,100,71.2,100,73.1,100,79.4,-,6.1,83.3,72.1,83.3,68.4
15,M1 - M1,A - A,M1697,95.8,75.4,100,74.6,100,80.3,100,85.3,100,76.9,95,73.9,100,81.2,-,64.7,-,24.1,-,42.9,-,56.9,100,72.7,100,73.5,-,38.7,-,45.8,-,50,-,32.1,100,73.1,-,25,-,55.5,-,62.8,-,48.2,-,32.3,-,37.5,100,98.6,95,72.2,100,78.9,60,78,100,28.6,100,77.8,80,74.8
15,M1 - M1,B - B,M1221,83.6,85.2,83.3,83.4,88.9,85.6,83.3,90.1,77.8,85.8,83.3,82.4,91.7,88.7,58.3,63.5,0,34.6,25,42.2,0,48.9,100,78.3,73.6,83.8,82.1,56.5,75,58.4,57.1,55.6,57.1,51.5,81.9,84.9,64.3,43,75,56.1,89.3,59.9,75,49,78.6,43.4,50,32.8,100,95.4,86.1,83.6,77.8,90.6,83.3,84.2,83.3,33.4,86.1,87.7,81.9,82.6
13,M1 - M1,B - B,M1333,-,-,-,-,-,-,-,-,-,-,-,-,-,-,-,-,-,-,-,-,-,-,-,-,-,-,-,-,-,-,-,-,-,-,-,-,-,-,-,-,-,-,-,-,-,-,-,-,-,-,-,-,-,-,-,-,-,-,-,-,-,-
9,M1 - M1,B - B,M1468,33.3,72.8,33.3,75,33.3,77.5,91.7,85.2,33.3,73.9,33.3,70.8,41.7,79,-75,60.8,-75,42.2,-100,46.9,-100,51.7,33.3,74.7,33.3,72,-100,47.9,-100,45.3,-100,44.8,-100,46,33.3,70.2,-100,13.8,-100,68.4,-100,63.5,-100,58.2,-100,25.7,-100,25.3,66.7,93.7,33.3,69.6,66.7,75.2,100,84.1,-,16.8,33.3,77.9,25,68.2
9,M1 - M1,B - B,M1477,100,78.9,100,77.9,75,84.2,100,89.6,100,78,100,75.8,100,83.1,-,36.8,-,16.7,-,19.7,-,44.7,100,83.1,100,75.1,-,41.9,-,44,-,28.9,-,31.2,100,78.9,-,4.8,-,50.5,-,50,-,45.2,-,11.2,-,20.8,100,94.9,100,77.9,0,84.2,100,68.5,-,57,100,80,100,78.4
15,M1 - M1,B - B,M1505,-62.5,78.6,-100,75.7,0,75.2,0,84.4,-75,81.9,0,79.9,-100,83,0,51.1,0,21.6,0,35.7,0,53.8,0,84.3,75,78.9,0,42.2,0,45.3,0,35.6,0,20.2,-100,79.8,-75,8,-100,40,-75,51,0,26,0,27,0,32.9,0,95.1,-75,79.4,100,89,0,76.1,-100,25,-75,78.7,-100,71.8
9,M1 - M1,B - B,M1511,73.2,81.8,82.1,83.7,78.6,83.1,82.1,88.2,85.7,88.8,71.4,79.6,89.3,89,83.3,79.3,83.3,59.5,58.3,61.2,83.3,68.1,71.4,82.9,64.3,80.3,75,70.6,75,76.1,75,72.6,50,59.7,85.7,83.3,31.2,42.4,62.5,67.4,56.2,69.4,62.5,65.3,81.2,52.8,56.2,46.3,100,96.3,85.7,81.6,85.7,83.9,71.4,85.8,0,48.4,75,81,39.3,75.7
15,M1 - M1,B - B,M1516,-,76.1,-,77.4,-,86,-,91.7,-,80.6,-,73.4,-,83.9,-,75,-,69.8,-,56.2,-,65.6,-,79.7,-,72.4,-,57,-,50,-,22.9,-,18.8,-,73.7,-,16,-,60,-,52.1,-,55,-,23,-,21.9,-,89.5,-,71.3,-,84,-,81.3,-,41.1,-,80.1,-,75.3
15,M1 - M1,B - B,M1519,100,84.2,100,82,100,84.3,100,86.2,100,83.6,100,81.9,100,87.6,-,74.2,-,42.7,-,48.3,-,54.2,100,86.9,100,81.3,-,54,-,58.5,-,49.3,-,47,100,85.4,-,29.7,-,61.7,-,54.7,-,55.5,-,35.9,-,29.8,100,97.8,100,83.7,100,84,100,87.1,-,41.7,100,86.2,100,81.1
15,M1 - M1,B - B,M1520,-,-,-,-,-,-,-,-,-,-,-,-,-,-,-,-,-,-,-,-,-,-,-,-,-,-,-,-,-,-,-,-,-,-,-,-,-,-,-,-,-,-,-,-,-,-,-,-,-,-,-,-,-,-,-,-,-,-,-,-,-,-
9,M1 - M1,B - B,M1526,-,-,-,-,-,-,-,-,-,-,-,-,-,-,-,-,-,-,-,-,-,-,-,-,-,-,-,-,-,-,-,-,-,-,-,-,-,-,-,-,-,-,-,-,-,-,-,-,-,-,-,-,-,-,-,-,-,-,-,-,-,-
15,M1 - M1,B - B,M1599,-,80.5,-,79.3,-,84.1,-,81.6,-,73.2,-,71.9,-,83.9,-,64.4,-,40.4,-,42.3,-,51.9,-,72.6,-,74.2,-,50.6,-,48.1,-,48.8,-,50,-,78.6,-,34.2,-,51.7,-,56.9,-,54.3,-,44.8,-,23.1,-,93.5,-,76.1,-,79.8,-,81.7,-,26.6,-,88.3,-,81.8
15,M1 - M1,B - B,M1615,-,-,-,-,-,-,-,-,-,-,-,-,-,-,-,-,-,-,-,-,-,-,-,-,-,-,-,-,-,-,-,-,-,-,-,-,-,-,-,-,-,-,-,-,-,-,-,-,-,-,-,-,-,-,-,-,-,-,-,-,-,-
15,M1 - M1,B - B,M1626,-12.5,83.2,100,82.2,0,82.5,100,90.7,100,84.4,100,78,100,85.7,-,73,-,45.9,-,47.3,-,69.6,100,76.3,0,79.6,-75,55.2,-75,60.9,75,55.1,-75,34.6,-75,77,-75,19.8,100,62,100,65.6,100,59.9,100,31.8,-75,31.9,100,99.1,0,80.5,100,85,100,83.2,-,25.9,0,91.1,-100,85
15,M1 - M1,B - B,M1687,97.2,84.9,100,84.7,100,88.5,100,89.2,100,88.3,100,86.8,95.8,89.4,100,79.8,100,37.7,100,48.8,100,66.8,83.3,85.6,100,81.3,-,50.5,-,54.9,-,53.7,-,40,100,83.5,-,28.7,-,72.9,-,60.6,-,62.5,-,35.6,-,27.8,83.3,96.3,95.8,83.3,83.3,88.3,83.3,83,100,39.4,95.8,86.3,95.8,85.6
13,M1 - M1,B - B,M1693,-,-,-,-,-,-,-,-,-,-,-,-,-,-,-,-,-,-,-,-,-,-,-,-,-,-,-,-,-,-,-,-,-,-,-,-,-,-,-,-,-,-,-,-,-,-,-,-,-,-,-,-,-,-,-,-,-,-,-,-,-,-
17,M1 - M1,D - D,M1027,98.3,84.3,60,80.2,95,87.4,95,89.8,100,87.8,100,83.4,100,88.4,-,52.1,-,30.2,-,37.5,-,34.4,100,85,100,82.8,-,51.3,-,58.8,-,54,-,40,100,81,-,18.5,-,66.1,-,55.4,-,61.3,-,31.5,-,62,100,98.2,95,80.7,100,87.9,100,81,-,58.1,95,89.5,100,83.5
31,M1 - M1,D - D,M1072,45.8,80.5,87.5,79.1,75,79.9,75,85.8,50,83.6,75,72.5,50,87.5,0,82.2,-75,52,0,50,0,61.1,50,69.8,50,75.4,0,50,0,50.8,0,50.7,-75,45.4,87.5,79,0,35.5,75,69.8,0,59.3,0,55.2,-75,46.9,-75,41.3,100,94.3,50,81.2,0,82.1,50,85,75,22.2,37.5,83,0,77
31,M1 - M1,D - D,M1728,-,-,-,-,-,-,-,-,-,-,-,-,-,-,-,-,-,-,-,-,-,-,-,-,-,-,-,-,-,-,-,-,-,-,-,-,-,-,-,-,-,-,-,-,-,-,-,-,-,-,-,-,-,-,-,-,-,-,-,-,-,-
4,M1 - M1,D - D,M1073,100,88.1,100,86.2,100,86.9,100,93.2,100,83.1,100,85.8,100,93.3,-,71.7,-,60,-,48.2,-,61.7,100,82,100,83.3,-,45,-,55.8,-,55.6,-,52.9,100,84.4,-,41,-,77,-,61,-,66,-,42,-,51.7,100,96.4,100,83.6,100,91.1,100,84.4,-,37.5,100,91.3,100,92.8
12,M1 - M1,D - D,M1188,-,84.3,-,85.5,-,84.4,-,89.9,-,90.3,-,78.9,-,88.3,-,64.6,-,45.8,-,39.6,-,62.5,-,89.6,-,84.9,-,43.4,-,43.4,-,58.3,-,33.3,-,78.6,-,41.7,-,55.6,-,27.8,-,37.5,-,16.7,-,50,-,97.9,-,84.2,-,90.7,-,78.9,-,53.1,-,87.7,-,82.5
7,M1 - M1,D - D,M1299,74,81.3,56.2,76.2,68.8,78.2,75,87.4,93.8,85.8,100,84.1,100,89.5,-,66.7,-,41.7,-,49.1,-,58.7,75,76.5,93.8,76.8,75,50,75,60.8,75,49.4,75,52,50,79.5,-50,33.7,87.5,67.7,0,53.6,87.5,63.3,37.5,55.1,87.5,52.2,100,98.1,56.2,78,100,89.9,50,78.4,12.5,39.1,56.2,84.2,87.5,79.5
27,M1 - M1,D - D,M1331,95.1,86.3,95.8,84.5,79.2,84.9,95.8,90.2,100,88.4,95.8,84,100,91.1,-,69.8,-,50,-,44.8,-,60.5,100,80.9,100,83.7,-,54.9,-,60.1,-,58.8,-,54.7,100,82.9,-,48.8,-,72.3,-,62.3,-,64.2,-,56.2,-,52.7,100,95.6,100,85.6,83.3,92.7,100,80.7,-,38.7,91.7,89.9,79.2,84.5
30,M1 - M1,D - D,M1393,81.2,82,87.5,82,-12.5,80.5,87.5,83.8,50,80.2,50,76.1,87.5,86.5,100,67.3,100,48.1,100,49.4,75,56.4,100,78.7,87.5,80.3,75,59.5,75,48.6,75,57.9,75,48.6,87.5,81.9,100,54,100,59.7,100,57.4,100,50.6,100,48.3,100,54.6,100,97,87.5,80.1,100,87.2,50,83.9,0,33.3,87.5,82.5,50,81
30,M1 - M1,D - D,M1396,-,89.6,-,90.3,-,86.2,-,92.7,-,92.8,-,90.3,-,92.4,-,60.7,-,39.3,-,46.4,-,66.1,-,80.4,-,87.1,-,60.3,-,64.3,-,72.6,-,70.2,-,89.9,-,53.4,-,64.8,-,55.7,-,54.5,-,52.3,-,62.5,-,97.4,-,89.7,-,95.7,-,88.8,-,63.5,-,92,-,86.7
7,M1 - M1,D - D,M1402,-,-,-,-,-,-,-,-,-,-,-,-,-,-,-,-,-,-,-,-,-,-,-,-,-,-,-,-,-,-,-,-,-,-,-,-,-,-,-,-,-,-,-,-,-,-,-,-,-,-,-,-,-,-,-,-,-,-,-,-,-,-
7,M1 - M1,D - D,M1403,-,-,-,-,-,-,-,-,-,-,-,-,-,-,-,-,-,-,-,-,-,-,-,-,-,-,-,-,-,-,-,-,-,-,-,-,-,-,-,-,-,-,-,-,-,-,-,-,-,-,-,-,-,-,-,-,-,-,-,-,-,-
27,M1 - M1,D - D,M1412,-,-,-,-,-,-,-,-,-,-,-,-,-,-,-,-,-,-,-,-,-,-,-,-,-,-,-,-,-,-,-,-,-,-,-,-,-,-,-,-,-,-,-,-,-,-,-,-,-,-,-,-,-,-,-,-,-,-,-,-,-,-
23,M1 - M1,D - D,M1414,-,-,-,-,-,-,-,-,-,-,-,-,-,-,-,-,-,-,-,-,-,-,-,-,-,-,-,-,-,-,-,-,-,-,-,-,-,-,-,-,-,-,-,-,-,-,-,-,-,-,-,-,-,-,-,-,-,-,-,-,-,-
7,M1 - M1,D - D,M1415,87.5,70.3,87.5,65.1,87.5,73.4,100,87.9,100,67.7,100,65.2,100,73.4,-,53.7,-,25.9,-,41.3,-,54.6,100,77.2,100,68.5,-,32.6,-,36.1,-,13,-,14,100,65.6,-,-0.8,-,43.8,-,39.8,-,40.6,-,18,-,23.9,100,91.5,87.5,62.4,100,77.4,100,78.5,-,7.5,50,75,87.5,77.2
7,M1 - M1,D - D,M1790,-,-,-,-,-,-,-,-,-,-,-,-,-,-,-,-,-,-,-,-,-,-,-,-,-,-,-,-,-,-,-,-,-,-,-,-,-,-,-,-,-,-,-,-,-,-,-,-,-,-,-,-,-,-,-,-,-,-,-,-,-,-
27,M1 - M1,D - D,M1494,-,91.1,-,86.6,-,89.7,-,94.8,-,95.9,-,88.9,-,96.2,-,87.5,-,62.5,-,62.5,-,75,-,84.7,-,89.7,-,66.1,-,65.4,-,75,-,75,-,87,-,54.2,-,62.5,-,72.9,-,79.2,-,50,-,21.9,-,100,-,86,-,90.3,-,84.7,-,61.4,-,93.8,-,93.8
20,M1 - M1,D - D,M1638,-,86.1,-,72.6,-,91.4,-,96.1,-,92.2,-,73.4,-,92.2,-,75,-,67.9,-,42.9,-,57.1,-,68.8,-,73.4,-,61.5,-,64.6,-,75,-,50,-,87.5,-,64.3,-,64.3,-,60.7,-,60.7,-,75,-,16.7,-,95,-,84.4,-,96.9,-,93.8,-,75,-,89.1,-,89.8
23,M1 - M1,D - D,M1641,98.6,78.9,100,77.9,100,75.3,91.7,83.5,91.7,80.1,91.7,73.7,100,87.4,-,65.2,-,38.5,-,38.9,-,44.3,100,79.5,100,73.7,-,52.1,-,51.1,-,47.6,-,48,100,79.5,-,29,-,63,-,52.2,-,58.4,-,43.8,-,46.3,100,94.9,91.7,77.7,100,82.9,100,81.2,-,19.1,100,79.5,100,75.3
12,M1 - M1,D - D,M1777,97.2,84.9,100,82.8,91.7,86.2,100,95.9,100,84.9,100,85.3,100,86.4,-,63.3,-,45,-,56.7,-,60,100,69.1,100,84.6,-,57.5,-,60,-,30.8,-,57.1,91.7,87.9,100,36.7,100,51.7,0,71.7,75,61.7,100,58.3,100,47.5,100,97.8,100,87.1,100,86.8,100,86.8,-,52.8,91.7,84.2,100,79.4
4,M1 - M1,D - D,M1780,-,-,-,-,-,-,-,-,-,-,-,-,-,-,-,-,-,-,-,-,-,-,-,-,-,-,-,-,-,-,-,-,-,-,-,-,-,-,-,-,-,-,-,-,-,-,-,-,-,-,-,-,-,-,-,-,-,-,-,-,-,-
21,M1 - M1,F - F,M1320,84.2,83.4,95,83.4,93.8,85,93.8,84.5,95,85,80,84,75,86.6,87.5,68.9,37.5,54.9,50,54.1,87.5,52.7,100,86,95,77.3,75,42.5,75,50.5,0,53.6,0,50,100,77.8,-,40.6,-,49.6,-,53.2,-,57.1,-,37.5,-,51.5,100,94.9,90,82.1,80,86.1,100,86.6,-,13.8,90,90.7,55,86.1
29,M1 - M1,F - F,M1375,83.3,80.9,75,78.4,0,82.4,75,91.7,75,78.1,100,74.5,100,84.1,-,60.9,-,39.1,-,35.9,-,61.4,0,72.7,75,74.5,75,57.7,100,59,100,60.2,100,69.3,100,82.1,-,43.5,-,72.2,-,74.1,-,64.8,-,45.4,-,50,100,95.2,75,74.5,0,70.7,0,82.8,75,43.3,75,85.3,75,84.9
29,M1 - M1,F - F,M1500,86.5,75.3,87.5,78.6,50,74.2,87.5,83,75,82.6,93.8,80.4,100,83.1,-,71,-,42.5,-,50.8,-,58.6,75,82.4,68.8,69.5,50,41.8,37.5,34.7,50,43.5,50,29.9,87.5,76.5,87.5,31.9,100,79.9,100,72.1,100,69.1,87.5,29.4,87.5,56,100,99.1,93.8,73.1,75,71.2,100,84.1,-,-7.9,93.8,78.7,75,70.8
29,M1 - M1,F - F,M1509,98.6,82.9,100,78.6,100,85.4,100,88.9,100,86.6,100,81.4,100,88.4,-,66,-,26,-,47,-,43,100,84.1,91.7,75.3,75,49,100,52,100,44.9,75,33.1,100,82,-,21,-,61.3,-,41.9,-,38.7,-,23.4,-,23.9,100,96.4,100,80.5,100,91.8,66.7,82.3,100,14.4,100,86.8,100,84.2
20,M1 - M1,F - F,M1518,-,-,-,-,-,-,-,-,-,-,-,-,-,-,-,-,-,-,-,-,-,-,-,-,-,-,-,-,-,-,-,-,-,-,-,-,-,-,-,-,-,-,-,-,-,-,-,-,-,-,-,-,-,-,-,-,-,-,-,-,-,-
20,M1 - M1,F - F,M1698,50,88.1,87.5,87.5,87.5,83.5,100,88.7,87.5,88.7,87.5,88.8,87.5,92.4,75,81.2,75,65.6,75,78.3,75,78.1,100,87.4,50,86.6,-75,59.7,0,73.6,-100,28.1,-75,20,50,86.6,0,38.7,0,73.4,100,64.5,75,69.4,0,47.6,75,46.2,100,97.3,12.5,84.7,50,91.2,0,81.2,-75,45,50,91.5,50,86.9
30,M1 - M1,F - F,M3022,100,86,100,85.4,100,89,100,88.4,100,88.5,100,79.5,100,90.9,-,80.6,-,55.6,-,63.9,-,63.9,100,90,100,84.4,-,65.4,-,57.7,-,75,-,75,100,78.7,-,57.1,-,78.6,-,63.5,-,57.1,-,58.9,-,57.5,100,96.7,100,84.8,100,87.8,100,85.4,-,25,100,89.4,100,88.1
30,M1 - M1,F - F,M3028,97.2,79.2,100,78,100,78,100,89,100,81.5,100,73.2,100,80.1,-,50,-,33.3,-,28.6,-,41.7,100,88,91.7,77.4,75,44.7,100,51.6,75,47.7,75,51.2,100,75.3,-,14.1,-,38.6,-,52.3,-,46.6,-,21.6,-,16.7,100,96.8,91.7,70.5,100,87.8,100,81,-,26.7,100,84.8,100,86.9
30,M1 - M1,F - F,M3107,-,87.2,-,87.3,-,88.2,-,91.3,-,90,-,87.4,-,91.7,-,68.8,-,56.2,-,50,-,55.3,-,74.8,-,86.1,-,53.9,-,51.6,-,46.1,-,45,-,88.2,-,50,-,80.2,-,78.4,-,49.1,-,54.3,-,42.5,-,96.6,-,87.4,-,87.6,-,83.9,-,44.3,-,88.1,-,81.6
30,M1 - M1,F - F,M3116,86.7,83,70,82.2,60,86.3,75,86.5,90,85.2,75,81.3,90,85.3,87.5,59.1,37.5,47.6,37.5,47.5,87.5,73.8,100,86.3,85,75,75,55.6,83.3,54.5,25,56,50,59.4,90,84.4,0,19.6,87.5,64.1,87.5,70.7,87.5,62,0,27.2,75,31.2,100,97.2,85,85.1,100,78.6,80,84.6,75,36.7,95,84.9,75,83.3
30,M1 - M1,F - F,M3122,100,80.2,100,81.8,100,83.3,100,88.4,100,83.7,100,78.3,100,85.7,-,69.4,-,54.2,-,50,-,54.2,100,82.7,100,75.3,-,49,-,47.9,-,30.9,-,32.8,100,77.7,-,36.2,-,72.6,-,59.5,-,53.8,-,39.3,-,17.9,100,96.1,100,79.3,100,80,0,77,100,63.2,100,84.6,100,78.3
21,M1 - M1,F - F,M3243,91.7,85.9,75,82.7,100,92.1,100,95.7,75,79.8,75,82.1,100,85.1,-,76.9,-,50,-,67.3,-,57.7,100,85.7,75,76.2,100,59.4,100,59.4,100,60,100,45,100,82.7,-,12.5,-,37.5,-,56.2,-,28.1,-,3.1,-,35,100,100,75,82.9,100,87.8,100,97.6,-,75,100,94.6,100,94
30,M1 - M1,F - F,M3515,-,81.6,-,80.1,-,84.6,-,87.2,-,86.8,-,83.6,-,83.8,-,76.4,-,56.9,-,58.3,-,67.6,-,74,-,78,-,58.7,-,60.9,-,45.8,-,48.6,-,74.3,-,33,-,68.8,-,67,-,71.9,-,43,-,70.8,-,91.7,-,76.7,-,93,-,76.7,-,28.1,-,88,-,88.5
30,M1 - M1,F - F,M3603,-,91.4,-,86.8,-,88.3,-,95.3,-,97.1,-,80.9,-,91.2,-,66.7,-,66.7,-,25,-,91.7,-,87.5,-,80.9,-,93.8,-,87.5,-,75,-,56.2,-,89.7,-,-100,-,100,-,100,-,100,-,100,-,100,-,100,-,95.6,-,100,-,87.5,-,100,-,94.1,-,97.1
21,M1 - M1,F - F,M3666,-,74.3,-,80.3,-,81,-,88.8,-,76.1,-,72.3,-,80.9,-,72.1,-,45.6,-,55.9,-,54.4,-,63,-,68.5,-,46.6,-,54.5,-,22.5,-,17.5,-,70.7,-,19.4,-,47.2,-,79.2,-,61.1,-,16.7,-,17.5,-,96,-,70.7,-,83,-,87.2,-,0,-,80.3,-,74.5
30,M1 - M1,F - F,M3787,-,-,-,-,-,-,-,-,-,-,-,-,-,-,-,-,-,-,-,-,-,-,-,-,-,-,-,-,-,-,-,-,-,-,-,-,-,-,-,-,-,-,-,-,-,-,-,-,-,-,-,-,-,-,-,-,-,-,-,-,-,-
14,M2 - M2,A - A,M2164,89.2,84.3,90,82.3,87.5,85.7,95,89.8,90,88.3,80,83.8,97.5,89,75,76.5,75,44.4,-,47.9,75,63.8,100,94.9,87.5,77.7,37.5,53.6,37.5,52.7,75,48.8,37.5,43.7,90,82.4,0,25.4,0,59.5,0,62.9,0,51.1,0,27.7,0,43.5,100,96.9,87.5,83.1,100,89,80,84.9,12.5,43.3,87.5,90.3,85,83.5
18,M2 - M2,A - A,M2268,-,81.9,-,83.9,-,84.8,-,84.4,-,77.7,-,79.3,-,87.5,-,65.9,-,45.5,-,40.9,-,61.4,-,77.8,-,82.6,-,50,-,60.3,-,69.4,-,61.1,-,77.7,-,28.8,-,48.1,-,46.2,-,42.3,-,32.7,-,18.8,-,93.1,-,78.9,-,93.2,-,82.6,-,32.1,-,81,-,83.7
14,M2 - M2,A - A,M2319,64.6,88.3,50,89.6,75,88.1,87.5,91.1,50,90.3,50,83.3,50,90.6,0,60.8,0,47.5,0,55.4,0,56.7,100,87.6,50,86.2,0,50.6,0,56.1,0,44.6,0,42.9,50,87.4,0,32.7,0,59.2,0,62.8,0,65.4,0,46.2,0,39.3,100,95.6,50,87.9,100,91.6,100,89.6,-,68.4,100,89.9,87.5,87.8
25,M2 - M2,A - A,M2334,-,88.1,-,87.2,-,87.5,-,89.8,-,87,-,79.3,-,93,-,56.8,-,40.9,-,34.1,-,54.5,-,88,-,86.7,-,61,-,59,-,73.4,-,78.1,-,85.5,-,31.8,-,54.5,-,40.5,-,60.2,-,43.2,-,31.8,-,94.5,-,84.7,-,93.5,-,89.2,-,33.3,-,90.8,-,88.2
14,M2 - M2,A - A,M2364,-,83.7,-,83.2,-,82,-,87.2,-,87.9,-,79.7,-,90.4,-,66.7,-,47.9,-,39.6,-,50,-,85.5,-,82.8,-,59.2,-,62.5,-,59.4,-,41.4,-,82.9,-,20.1,-,81.4,-,75,-,69.2,-,17.3,-,16,-,95.8,-,80.3,-,91.9,-,82.6,-,15.8,-,85.3,-,80.5
14,M2 - M2,A - A,M2408,-,-,-,-,-,-,-,-,-,-,-,-,-,-,-,-,-,-,-,-,-,-,-,-,-,-,-,-,-,-,-,-,-,-,-,-,-,-,-,-,-,-,-,-,-,-,-,-,-,-,-,-,-,-,-,-,-,-,-,-,-,-
14,M2 - M2,A - A,M2436,100,92.6,100,96.5,100,93,100,96.1,100,94.1,100,93.4,100,95.3,-,85,-,15,-,65,-,90,100,98.4,100,94.1,-,77.1,-,81.2,-,65,-,65,100,94.1,-,55,-,85,-,90,-,75,-,35,-,87.5,100,100,100,91.4,66.7,92.2,100,96.9,-,50,100,91.8,100,88.7
3,M2 - M2,A - A,M2457,95.8,80.4,91.7,79.2,91.7,82,58.3,86.2,100,87.1,91.7,86.7,100,85.5,-,71.2,-,23.8,-,32.5,-,37.5,100,87,91.7,79.6,100,58.3,75,57.6,75,46.9,100,54,91.7,72.9,100,5.3,100,45.5,100,56.8,100,55.3,100,31.1,75,32.3,100,95.1,100,75.9,100,87,66.7,78.5,75,23.8,91.7,84.6,100,83.9
14,M2 - M2,A - A,M2478,-,94.1,-,94.4,-,91.7,-,91.3,-,92.1,-,92.9,-,94.4,-,45,-,30,-,30,-,30,-,91.8,-,91.1,-,60,-,65,-,35,-,60,-,94.8,-,28.6,-,60.7,-,46.4,-,25,-,46.4,-,37.5,-,98.1,-,90.9,-,95.2,-,79.4,-,87.5,-,97.2,-,96
14,M2 - M2,A - A,M2497,94.4,86.6,100,85.5,100,87.6,100,90.9,100,91.5,100,90.2,66.7,93.2,75,79.7,0,45.3,0,47,100,55.3,66.7,88.1,100,81.9,-,60.3,-,58.4,-,41.8,-,50,100,86.8,-,22.1,-,67.5,-,55.8,-,52.5,-,39.5,-,27.3,100,92.9,100,84.3,100,89.1,66.7,84,100,55.4,100,89.1,100,84.2
14,M2 - M2,A - A,M2525,-,-,-,-,-,-,-,-,-,-,-,-,-,-,-,-,-,-,-,-,-,-,-,-,-,-,-,-,-,-,-,-,-,-,-,-,-,-,-,-,-,-,-,-,-,-,-,-,-,-,-,-,-,-,-,-,-,-,-,-,-,-
14,M2 - M2,A - A,M2645,87.5,85.5,92.9,82.4,96.4,83.9,96.4,85.2,96.4,90.8,96.4,88,92.9,90.9,87.5,61.9,75,35.6,87.5,48.1,37.5,47.4,100,92.1,96.4,83.6,75,56.3,75,54.6,75,42.1,75,48.3,78.6,85.4,25,17.8,91.7,64.4,91.7,45.2,91.7,38,58.3,13.5,91.7,16.5,100,94.4,92.9,84.1,85.7,92.1,85.7,83.8,100,20.8,92.9,86,71.4,83
1,M2 - M2,B - B,M2018,-,88.9,-,90.7,-,83.3,-,89.7,-,89.1,-,80.4,-,92.9,-,75,-,57.8,-,53.1,-,56.2,-,87.2,-,86.5,-,66.7,-,60.7,-,56.7,-,63.3,-,88.3,-,55.6,-,70.8,-,66.7,-,61.1,-,45.8,-,55.8,-,93.3,-,90.8,-,89.6,-,88.5,-,41.7,-,89.7,-,85.3
11,M2 - M2,B - B,M2114,68.8,71.6,75,82.4,75,76.5,87.5,84.6,100,76,87.5,77.5,100,80.4,-,51.7,-,10,-,10.7,-,30,50,75,87.5,65.4,75,52.8,75,50,75,42.2,0,26.6,75,70.2,0,40.2,87.5,59.8,75,66.3,75,59.8,75,29.3,-12.5,10.7,50,87.9,75,71.6,50,73.1,100,82.7,-,55.6,37.5,79.3,37.5,62.5
11,M2 - M2,B - B,M2297,58.3,85,75,84.1,100,86.4,100,94,100,87.8,75,76.9,100,88.8,-,84.8,-,54.5,-,55.4,-,61.6,0,78.9,75,78.1,75,51.4,75,53.9,75,55.8,75,48.1,100,79.5,-,24.3,-,50.7,-,59.3,-,46.4,-,33.6,-,29.2,100,99,75,84.3,100,89,100,88.4,-,18.3,0,90,0,89.1
24,M2 - M2,B - B,M2377,99,75.6,100,77.7,93.8,84.8,100,92.5,100,79.1,93.8,71.3,100,79.5,-,59.2,-,23.7,-,30.3,-,22.4,100,83.3,93.8,74.3,75,33.3,75,29.2,100,27.4,75,33,100,71.3,-,-11.4,-,31.8,-,35.2,-,40.9,-,18.2,-,19,100,96.7,100,73.1,100,84.8,100,79.1,-,17.9,100,79.9,100,75.4
24,M2 - M2,B - B,M2510,76.4,81.5,91.7,79.8,100,78.8,91.7,86.1,100,87,66.7,79.6,66.7,86.1,75,72.6,75,34.5,75,50,100,52.4,66.7,81.7,83.3,77.9,50,48.6,87.5,47.2,50,47.8,100,69.8,91.7,84.6,100,18,-75,68,100,51,100,49,75,39,0,52.6,100,98.6,58.3,80.3,100,82.7,66.7,80.6,0,9.2,91.7,81.5,66.7,78.6
1,M2 - M2,B - B,M2514,-,91.5,-,87.3,-,93.1,-,92.4,-,89.3,-,90.9,-,90.6,-,53.6,-,25,-,35.7,-,32.1,-,82.6,-,92.4,-,25,-,8.3,-,21.9,-,34.4,-,90.9,-,-12.5,-,40.6,-,53.1,-,37.5,-,43.8,-,16.7,-,93.6,-,91.3,-,91.3,-,88.4,-,28.1,-,91.7,-,92.4
14,M2 - M2,B - B,M2643,-,82,-,81.1,-,79.3,-,88.6,-,83.3,-,81,-,83.6,-,63.6,-,40.9,-,27.5,-,31.8,-,78.9,-,77.6,-,30.4,-,25,-,9.4,-,3.1,-,80.2,-,6.8,-,42.5,-,45.5,-,62.5,-,32.5,-,12.5,-,94.7,-,77.6,-,87.7,-,87.7,-,14.3,-,84.1,-,89.2
14,M2 - M2,B - B,M2677,-,74.6,-,76,-,79,-,88.3,-,80.5,-,80.9,-,76.6,-,64.1,-,37.9,-,40.6,-,57,-,79.2,-,68.9,-,35.8,-,47.1,-,47.5,-,39.4,-,79,-,12.2,-,73,-,56.4,-,55.1,-,22.4,-,50,-,100,-,76.4,-,77.8,-,84.1,-,43.5,-,77.8,-,69
14,M2 - M2,B - B,M2683,-,-,-,-,-,-,-,-,-,-,-,-,-,-,-,-,-,-,-,-,-,-,-,-,-,-,-,-,-,-,-,-,-,-,-,-,-,-,-,-,-,-,-,-,-,-,-,-,-,-,-,-,-,-,-,-,-,-,-,-,-,-
6,M2 - M2,B - B,M2694,-,90.6,-,86.1,-,98.1,-,90.7,-,84.3,-,80.6,-,94.4,-,100,-,91.7,-,58.3,-,91.7,-,66.7,-,79.6,-,77.8,-,90,-,75,-,75,-,84.3,-,56.2,-,90.6,-,75,-,87.5,-,75,-,87.5,-,100,-,91.7,-,88.5,-,81.5,-,45,-,100,-,93.5
32,M2 - M2,B - B,M2695,-,81.9,-,79.4,-,88.9,-,90.6,-,86.7,-,81.7,-,88.5,-,51.3,-,45.8,-,51.3,-,59.7,-,79.4,-,77.4,-,64.4,-,71.3,-,62,-,61.1,-,77.9,-,25.7,-,62.9,-,64.3,-,65.7,-,45.7,-,60.2,-,98.6,-,76.5,-,87.3,-,80.4,-,34.2,-,86.4,-,84.7
11,M2 - M2,C - C,M2080,62.5,78.7,75,83.1,75,75.3,100,86.7,75,82.4,75,71.4,75,79.2,75,67.3,75,53,0,44,75,54,100,84.3,75,72.6,0,46,0,35.8,0,34.4,0,21.9,75,78,0,12,100,60,100,58.3,75,45,0,15,75,46.7,100,93.8,75,76.2,0,78,100,84.3,-,43.8,75,84.9,0,81.3
14,M2 - M2,C - C,M2091,83.3,90,75,88.6,100,84.8,100,89.8,87.5,90,100,87.5,87.5,94,100,57.4,75,50,100,41.2,100,57.8,50,92.2,75,85.2,100,54.3,100,65.3,87.5,74,100,59,100,88.7,-,49,-,61.5,-,66.7,-,80.2,-,59.4,-,76.8,100,97,50,88.8,100,93.1,100,84.6,-,64.5,87.5,92.5,100,90.6
16,M2 - M2,C - C,M2104,-,77,-,79.6,-,77.8,-,88.4,-,86.1,-,75.5,-,81.1,-,62.5,-,20.8,-,35.4,-,77.1,-,75.9,-,70.8,-,51.2,-,60,-,30.4,-,17.9,-,75.9,-,-3.6,-,66.1,-,82.1,-,50,-,8.9,-,22.5,-,91.4,-,78.4,-,84.9,-,85.2,-,12.5,-,80.6,-,75
22,M2 - M2,C - C,M2137,95.8,59.9,87.5,61,100,69.4,100,80,100,63.3,87.5,60.7,87.5,64.5,100,60.3,75,18.1,75,25.9,100,48.2,50,70.5,100,70.3,-,30.1,-,37.7,-,18.8,-,32.4,87.5,53.8,0,-9.9,100,51.3,75,47.8,100,35.8,100,-1.7,100,15.1,100,87.6,100,56.4,100,78.6,100,75,-,3,100,61.5,100,52.8
16,M2 - M2,C - C,M2453,83.3,81.5,100,77.9,66.7,76.5,100,80.9,66.7,76.5,91.7,75,100,87.9,-,77.8,-,36.1,-,36.1,-,72.2,100,82.4,100,68.9,-,58.9,-,44.6,-,41.7,-,52.8,41.7,77.2,100,67.5,100,70,100,72.5,100,40,75,47.5,75,12.5,100,85.7,100,82.4,66.7,78.1,100,70.6,-,35,66.7,87.5,91.7,85.3
22,M2 - M2,C - C,M2507,93.1,78.1,33.3,77.4,66.7,73.5,91.7,81.7,100,81.7,100,77.9,100,81.7,-,66.7,-,48.4,-,55.2,-,59,66.7,73.2,100,73.8,-,59.5,-,56.4,-,49.6,-,59.1,100,78.6,-,40.5,-,67.3,-,65,-,49.1,-,55.5,-,28.7,100,96.3,100,77.4,100,78,100,86.1,-,21.7,91.7,81.7,66.7,75.3
16,M2 - M2,C - C,M2625,100,93,100,94.5,100,90.1,100,93.3,100,94.8,100,87,100,95.4,-,68.8,-,40.6,-,53.1,-,62.5,100,91.3,100,94.2,-,72.9,-,62.5,-,92.5,-,77.5,100,93.8,-,37.5,-,72.5,-,55,-,65,-,35,-,16.7,100,98.7,100,92,100,93.5,100,92.4,-,45.8,100,92.7,100,90.1
11,M2 - M2,C - C,M2648,94.2,81.4,95,80.4,90,82.2,95,89.8,100,82,90,79,100,86.7,-,78.9,-,66.4,-,67.2,-,61.7,80,82.3,90,77.6,75,59.2,75,54.3,75,52.9,75,50,90,78.6,75,45.1,75,68.3,87.5,67.1,87.5,69.5,87.5,48.1,87.5,55.1,100,97.8,95,75.2,80,84.6,100,87.3,-,37.5,95,84.7,95,85.5
16,M2 - M2,C - C,M2688,29.2,78.2,100,80.1,-75,75.8,75,87.9,100,78.9,0,77.2,75,85,100,71.1,75,43.4,100,52.6,100,40.8,0,77.5,-100,70.6,100,47.1,100,46.3,75,26.2,100,26.2,100,75.3,-,27.9,-,55.8,-,43.3,-,37.5,-,22.1,-,22.1,100,91.7,0,74.7,100,85.9,100,84.4,-,11.5,100,84.7,0,79.2
19,M2 - M2,D - D,M3044,-,66,-,55,-,62.5,-,79.2,-,58.3,-,50,-,58.3,-,0,-,16.7,-,0,-,25,-,83.3,-,58.3,-,56.2,-,43.8,-,0,-,-12.5,-,50,-,83.3,-,91.7,-,91.7,-,58.3,-,25,-,0,-,100,-,62.5,-,100,-,100,-,-,-,70.8,-,95.8
19,M3 - M3,A - A,M3011,100,85.7,100,89.1,100,89,93.8,93.9,100,88.3,100,86.2,100,88.3,-,82.4,-,33.8,-,39.7,-,50,100,91.1,100,87.2,-,40,-,28.8,-,11.8,-,23.5,100,86.5,-,43.8,-,68.8,-,51.3,-,37.5,-,38.8,-,-5.4,100,92.6,100,84.8,100,89.4,75,87.7,100,46.4,100,86.5,100,80.9
5,M3 - M3,A - A,M3014,99,83.9,100,84.4,100,85.9,100,85.7,100,84.5,100,75,100,83.5,-,52.1,-,0,-,27.2,-,35.4,75,90.7,100,82.2,-,49.2,-,35.8,-,27.2,-,37,93.8,80.4,75,-2.7,75,49.1,100,50,100,31.2,0,13.4,75,1.2,100,94.4,100,81.8,100,89.1,75,77.5,100,53.4,100,88.4,100,87.2
28,M3 - M3,A - A,M3016,100,90.8,100,90,100,80,100,95,100,80,100,80,100,95,-,0,-,0,-,0,-,100,100,100,100,80,-,75,-,75,-,0,-,75,100,100,-,-,-,-,-,-,-,-,-,-,-,-,100,100,100,95,100,60,100,80,-,100,100,80,100,95
5,M3 - M3,A - A,M3034,98.6,83.7,100,78.9,100,80.1,100,92.4,100,86.9,100,83.1,100,84.3,-,72.2,-,30.6,-,61.1,-,66.7,100,74.6,91.7,76.7,100,47.1,100,57.4,100,52.8,100,58.3,100,80.1,-,10.4,-,81.8,-,54.2,-,60.4,-,25,-,42.9,100,97.2,100,81.4,100,86.4,100,86.4,-,21.9,100,90.1,100,89.7
19,M3 - M3,A - A,M3035,-,85.3,-,83.6,-,84.6,-,87.5,-,87.8,-,80.9,-,84.9,-,78.4,-,40.2,-,50,-,39.8,-,82.3,-,87.1,-,62.5,-,60,-,69.2,-,75,-,85.1,-,27.9,-,62.5,-,68,-,57.7,-,48.1,-,60.7,-,95.9,-,82.2,-,85.1,-,88.6,-,29.2,-,85.6,-,86.8
28,M3 - M3,A - A,M3037,98.6,82,100,81.5,100,82.8,100,93.1,100,85.2,100,75.4,100,86,-,76.9,-,38.5,-,42.3,-,67.3,100,77.3,91.7,73.5,100,43.8,100,44.8,100,14.7,75,17.6,100,82.2,-,6.8,-,61.4,-,65.9,-,36.4,-,15.9,-,0,100,92.9,100,83,66.7,84.8,100,84.8,-,3.1,100,84.1,100,83.3
28,M3 - M3,A - A,M3102,-,67.2,-,75.9,-,80.4,-,95.5,-,75.9,-,72.4,-,81,-,67.9,-,32.1,-,64.3,-,57.1,-,75.9,-,70.7,-,7.5,-,35,-,17.9,-,21.4,-,51.7,-,-42.3,-,19.2,-,61.5,-,21.2,-,-17.3,-,-12.5,-,90,-,54.3,-,72.4,-,85.7,-,56.2,-,78.4,-,67.2
19,M3 - M3,A - A,M3140,83.3,83.1,75,80.3,37.5,86.9,100,91,87.5,85.2,50,79,87.5,85.8,75,60.2,75,28.4,75,22.7,75,42.9,100,83.9,75,82.6,75,47.3,37.5,52.6,75,47.2,75,34.3,87.5,79.4,0,-6.7,100,67.3,100,65.4,75,49,75,7.7,75,27.3,100,89.3,75,82.4,0,86.4,100,83.9,-,1.3,87.5,84.1,87.5,83.9
24,M3 - M3,A - A,M3181,70.8,91.6,75,89.2,100,94.6,100,98,75,93.9,75,89.2,100,93.9,-,66.7,-,25,-,33.3,-,66.7,100,91.9,75,91.2,75,71.4,100,70.8,75,81.2,75,81.2,0,87.8,100,25,100,58.3,75,66.7,75,60,0,16.7,0,37.5,100,100,75,89.2,100,89.2,100,89.2,-,50,100,95.3,75,92.1
5,M3 - M3,A - A,M3447,89.8,86,94.4,83.8,88.9,87.8,94.4,91.7,94.4,89.1,97.2,87.6,97.2,92,75,83.3,75,54.5,75,65.2,75,68,100,86,94.4,85.2,75,66.5,75,68.7,75,56.1,75,59.3,69.4,81.9,37.5,31.4,37.5,60.6,37.5,58.8,37.5,59.1,0,34.8,37.5,46.6,100,96.4,86.1,81.7,100,87.3,77.8,85.7,87.5,17.9,97.2,89.3,94.4,85.6
19,M3 - M3,A - A,M3522,-,82.7,-,83.2,-,86.3,-,86.2,-,89,-,82.7,-,88.3,-,82.9,-,42.1,-,61.8,-,65.8,-,87.6,-,79.8,-,60.3,-,49.1,-,50,-,50,-,82.4,-,58.3,-,63.3,-,70,-,59.2,-,65,-,38.5,-,96.2,-,85.5,-,78.6,-,86.7,-,11.4,-,84.4,-,75.5
28,M3 - M3,A - A,M3527,-,84,-,78.8,-,89,-,94.5,-,82.9,-,83.3,-,80.5,-,80.6,-,52.8,-,50,-,69.4,-,83.3,-,82.9,-,63,-,64.1,-,57.4,-,77.9,-,84.2,-,25,-,55.9,-,48.5,-,30.9,-,27.9,-,45.8,-,89.5,-,80.5,-,75.3,-,75.3,-,30.6,-,87.3,-,88.7
19,M3 - M3,A - A,M3654,66.7,82.2,0,77.7,75,82.6,75,87.3,75,88.7,75,82.9,75,87.8,100,69.8,75,35.3,75,55.4,100,63.4,100,81.5,100,79.9,-,58.1,-,59.1,-,48.3,-,31.5,0,84.5,0,23.5,100,73.5,75,70.3,0,53,0,25.8,-75,22,0,97.2,75,84.5,0,79.5,0,83.1,0,16.3,75,82.7,75,73.6
19,M3 - M3,A - A,M3788,89.2,82.2,90,79.4,95,79.4,80,82.9,90,90.3,90,80.8,95,85.6,100,80.6,75,37.5,75,52.8,100,55.6,80,88.9,95,84.3,100,49,100,63,100,53.6,0,50,95,84.2,100,50,100,61.5,100,64.1,100,68.8,100,68.8,100,44.7,100,95.3,80,79.4,60,78.9,100,81.1,-,10.9,95,84,75,75.8
28,M3 - M3,B - B,M3020,-66.7,77,-100,73.8,-75,75,0,81.4,75,83.3,0,78.8,0,83.5,75,83.3,-100,50,100,67.6,75,75,100,74.6,-75,66.2,0,55.6,0,58.1,-75,35.3,100,55.9,-75,72.9,100,43.2,100,71.6,100,56.8,-100,54.5,75,51.1,-75,26.8,0,96.9,-75,80,0,73.3,0,81.7,-100,-6.8,-75,80,-100,79.2
28,M3 - M3,B - B,M3039,100,81,100,80.2,100,84.3,100,89.1,100,85.3,100,77.9,100,81.9,-,72.6,-,41.7,-,59.5,-,59.5,100,79.3,100,76.7,-,55.6,-,51.6,-,59.5,-,60.7,100,73,-,40.5,-,59.5,-,58.6,-,55.2,-,35.3,-,54.4,100,96.4,100,82.5,100,93.1,100,81.6,-,35,100,88.2,100,83.6
8,M3 - M3,B - B,M3065,-,-,-,-,-,-,-,-,-,-,-,-,-,-,-,-,-,-,-,-,-,-,-,-,-,-,-,-,-,-,-,-,-,-,-,-,-,-,-,-,-,-,-,-,-,-,-,-,-,-,-,-,-,-,-,-,-,-,-,-,-,-
8,M3 - M3,B - B,M3074,97.9,81,100,79.9,50,82,87.5,86.8,100,84.9,100,78,100,80.3,-,70.2,-,59.5,-,57.1,-,63.1,100,85.5,100,78.7,-,46,-,60,-,55.8,-,67.3,100,78.3,-,-27.9,-,45.6,-,27.9,-,14.7,-,-5.9,-,38.9,100,93.9,100,75.7,100,86.8,100,86.8,-,-17.5,100,87.5,87.5,85.9
5,M3 - M3,B - B,M3077,-91.7,86,-100,86.2,-100,81,-100,89,-75,85,-100,75,-75,89.3,0,79.2,-75,56.2,-75,68.8,-100,70.8,100,89.8,-75,82.7,-75,38.3,-75,48.3,-75,50,-75,44.4,-100,87,-100,15,0,70,-100,75,-75,57.5,-100,40,-75,45.8,100,93.5,-100,83,0,73.5,0,90,-100,0,-100,91,-100,83.2
10,M3 - M3,B - B,M3101,100,80,100,82.1,100,79.9,100,85.4,100,87.1,100,76.7,100,87.6,-,72.8,-,55.4,-,53.3,-,54.3,100,81.3,100,76.9,-,45.1,-,52.8,-,46.7,-,57.5,100,80.6,-,23.3,-,67.2,-,69,-,66.7,-,38.8,-,51.1,100,96.1,100,72.4,100,87.9,50,87.9,100,-8.3,100,82.9,100,79.7
28,M3 - M3,B - B,M3121,100,80.1,100,81.6,91.7,79,100,88.4,100,82.6,100,74.7,100,84.3,-,72.8,-,43.5,-,57.6,-,63,100,85.4,100,74.7,-,47.3,-,44.4,-,38.9,-,50,100,76.7,-,50,-,70,-,71.4,-,57.9,-,42.1,-,35.7,100,84.9,100,78.7,100,76.1,66.7,83.1,100,32.1,100,84.6,100,81.7
8,M3 - M3,B - B,M3161,-,-,-,-,-,-,-,-,-,-,-,-,-,-,-,-,-,-,-,-,-,-,-,-,-,-,-,-,-,-,-,-,-,-,-,-,-,-,-,-,-,-,-,-,-,-,-,-,-,-,-,-,-,-,-,-,-,-,-,-,-,-
10,M3 - M3,B - B,M3332,-,88.1,-,92,-,84.8,-,88.8,-,90.3,-,89.2,-,93.2,-,61.1,-,37.5,-,50,-,47.2,-,86.4,-,85.8,-,52.5,-,52.5,-,25,-,19.2,-,86.1,-,38.2,-,57.4,-,83.8,-,63.2,-,43.8,-,34.1,-,98.1,-,88.4,-,82.7,-,82.7,-,57.7,-,88.3,-,86.7
8,M3 - M3,B - B,M3357,-,-,-,-,-,-,-,-,-,-,-,-,-,-,-,-,-,-,-,-,-,-,-,-,-,-,-,-,-,-,-,-,-,-,-,-,-,-,-,-,-,-,-,-,-,-,-,-,-,-,-,-,-,-,-,-,-,-,-,-,-,-
8,M3 - M3,B - B,M3440,100,86.2,100,84.4,100,87.4,100,91.9,100,89.8,100,86,100,89.2,-,65.2,-,42,-,32.7,-,44.6,85.7,86.8,100,83,-,52.3,-,55.9,-,49.7,-,51.7,100,84.7,-,21,-,66.5,-,61.9,-,58.6,-,26.9,-,31.1,100,96.7,100,86.3,85.7,90.8,71.4,84.3,100,57.2,100,89.6,100,84.5
8,M3 - M3,B - B,M3480,-,-,-,-,-,-,-,-,-,-,-,-,-,-,-,-,-,-,-,-,-,-,-,-,-,-,-,-,-,-,-,-,-,-,-,-,-,-,-,-,-,-,-,-,-,-,-,-,-,-,-,-,-,-,-,-,-,-,-,-,-,-
5,M3 - M3,B - B,M3485,100,90.1,-,90.4,100,90.1,100,94.4,100,92.9,100,89.2,100,93.9,-,82.1,-,46.4,-,50,-,60.7,100,85,100,86.7,-,51.6,-,56.2,-,68.2,-,45.5,100,90.9,-,55.4,-,85.7,-,75,-,58.9,-,44.6,-,72.2,100,96.4,100,88.7,100,91.2,100,89,-,46.9,100,92,100,88.6
26,M3 - M3,C - C,M2050,-,82.8,-,76.7,-,83.5,-,90.9,-,87.1,-,71.3,-,89.2,-,85.9,-,37,-,43.5,-,64.1,-,88,-,84,-,47.7,-,55.1,-,47.3,-,58,-,79.4,-,24.4,-,72.5,-,56.9,-,56.9,-,44.4,-,51.8,-,95.8,-,78.5,-,83.7,-,83,-,55.4,-,85.5,-,80
26,M3 - M3,C - C,M2051,-,-,-,-,-,-,-,-,-,-,-,-,-,-,-,-,-,-,-,-,-,-,-,-,-,-,-,-,-,-,-,-,-,-,-,-,-,-,-,-,-,-,-,-,-,-,-,-,-,-,-,-,-,-,-,-,-,-,-,-,-,-
2,M3 - M3,C - C,M2270,93.8,78,87.5,81.2,100,80.6,100,87.7,87.5,82,87.5,77.2,100,80.5,-,78.7,-,41.9,-,32.4,-,47.8,100,90.4,75,74.3,87.5,55.9,100,53.7,75,41.2,87.5,34.6,100,79.4,-,21.2,-,73.7,-,66,-,43.6,-,20.4,-,37.1,100,93.8,87.5,77.4,50,83,100,85.3,-,21.2,100,80.6,100,76.1
25,M3 - M3,C - C,M2271,-,-,-,-,-,-,-,-,-,-,-,-,-,-,-,-,-,-,-,-,-,-,-,-,-,-,-,-,-,-,-,-,-,-,-,-,-,-,-,-,-,-,-,-,-,-,-,-,-,-,-,-,-,-,-,-,-,-,-,-,-,-
25,M3 - M3,C - C,M2339,79.2,80.7,87.5,76.1,87.5,78.4,100,83.1,87.5,84,87.5,73.9,50,83.4,75,73.7,75,52.6,75,48.6,75,51.3,100,90.8,50,79,75,47.1,75,52,75,48.6,0,44.4,87.5,80.1,75,34.4,75,65.6,75,58.3,75,55.2,75,37.5,75,47.4,100,92.5,87.5,78.9,50,79.5,100,79.8,-,-4.2,100,83.5,100,79.5
26,M3 - M3,C - C,M2397,83.3,96,75,96.7,100,95.8,75,95.8,75,97.5,75,96.7,75,99.2,100,100,100,100,100,100,75,75,100,93.3,100,97.5,-,100,-,91.7,-,100,-,100,100,90.8,-,93.8,-,87.5,-,100,-,87.5,-,83.3,-,83.3,100,100,75,97.5,100,96.7,0,96.7,100,100,75,97.5,75,93.3
2,M3 - M3,C - C,M2410,-,-,-,-,-,-,-,-,-,-,-,-,-,-,-,-,-,-,-,-,-,-,-,-,-,-,-,-,-,-,-,-,-,-,-,-,-,-,-,-,-,-,-,-,-,-,-,-,-,-,-,-,-,-,-,-,-,-,-,-,-,-
26,M3 - M3,C - C,M2633,84.7,84.7,91.7,87.6,91.7,88,100,92.1,100,91.5,91.7,84.3,100,90.3,-,76.3,-,55.9,-,57.4,-,67.1,100,86.9,58.3,80.9,100,69.5,100,68.5,100,62.5,75,54.9,91.7,80.6,0,20.8,100,69.1,100,69.9,100,66.5,75,33.5,100,46.6,100,97.8,83.3,84.9,100,87.2,100,86.5,-,36.7,83.3,87.3,91.7,84.1
26,M3 - M3,C - C,M2791,-,-,-,-,-,-,-,-,-,-,-,-,-,-,-,-,-,-,-,-,-,-,-,-,-,-,-,-,-,-,-,-,-,-,-,-,-,-,-,-,-,-,-,-,-,-,-,-,-,-,-,-,-,-,-,-,-,-,-,-,-,-
2,M3 - M3,C - C,M2686,100,74.3,100,70.6,100,74.2,100,83.6,100,85.7,100,75,100,81,-,77.9,-,44.2,-,51,-,65.4,100,78.9,100,73.4,-,52.6,-,56.4,-,40.2,-,35.3,100,70.9,-,5.4,-,56.8,-,61.1,-,44.6,-,29.1,-,34.6,100,93.7,100,68.7,100,73.6,100,76.9,-,34.5,100,72.2,100,79.7
8,M3 - M3,C - C,M3288,97.9,87.9,100,84.7,87.5,88,87.5,88,87.5,90.1,50,77.6,100,92.6,-,53.1,-,50,-,50,-,59.4,100,84.4,100,84.9,-,64,-,74,-,75,-,59.4,100,89.4,-,75,-,94.4,-,62.5,-,76.4,-,55.6,-,87.5,100,98.2,100,83.8,100,90.9,100,84.6,-,42.5,100,92.5,87.5,84
9,M4 - M4,A - A,M1555,-,-,-,-,-,-,-,-,-,-,-,-,-,-,-,-,-,-,-,-,-,-,-,-,-,-,-,-,-,-,-,-,-,-,-,-,-,-,-,-,-,-,-,-,-,-,-,-,-,-,-,-,-,-,-,-,-,-,-,-,-,-
9,M4 - M4,A - A,M1577,-,-,-,-,-,-,-,-,-,-,-,-,-,-,-,-,-,-,-,-,-,-,-,-,-,-,-,-,-,-,-,-,-,-,-,-,-,-,-,-,-,-,-,-,-,-,-,-,-,-,-,-,-,-,-,-,-,-,-,-,-,-
23,M4 - M4,A - A,M1578,-,-,-,-,-,-,-,-,-,-,-,-,-,-,-,-,-,-,-,-,-,-,-,-,-,-,-,-,-,-,-,-,-,-,-,-,-,-,-,-,-,-,-,-,-,-,-,-,-,-,-,-,-,-,-,-,-,-,-,-,-,-
2,M4 - M4,A - A,M2561,-,-,-,-,-,-,-,-,-,-,-,-,-,-,-,-,-,-,-,-,-,-,-,-,-,-,-,-,-,-,-,-,-,-,-,-,-,-,-,-,-,-,-,-,-,-,-,-,-,-,-,-,-,-,-,-,-,-,-,-,-,-
26,M4 - M4,A - A,M2562,-,-,-,-,-,-,-,-,-,-,-,-,-,-,-,-,-,-,-,-,-,-,-,-,-,-,-,-,-,-,-,-,-,-,-,-,-,-,-,-,-,-,-,-,-,-,-,-,-,-,-,-,-,-,-,-,-,-,-,-,-,-
14,M4 - M4,A - A,M2567,-,-,-,-,-,-,-,-,-,-,-,-,-,-,-,-,-,-,-,-,-,-,-,-,-,-,-,-,-,-,-,-,-,-,-,-,-,-,-,-,-,-,-,-,-,-,-,-,-,-,-,-,-,-,-,-,-,-,-,-,-,-
25,M4 - M4,A - A,M2571,-,-,-,-,-,-,-,-,-,-,-,-,-,-,-,-,-,-,-,-,-,-,-,-,-,-,-,-,-,-,-,-,-,-,-,-,-,-,-,-,-,-,-,-,-,-,-,-,-,-,-,-,-,-,-,-,-,-,-,-,-,-
19,M4 - M4,A - A,M3557,-,-,-,-,-,-,-,-,-,-,-,-,-,-,-,-,-,-,-,-,-,-,-,-,-,-,-,-,-,-,-,-,-,-,-,-,-,-,-,-,-,-,-,-,-,-,-,-,-,-,-,-,-,-,-,-,-,-,-,-,-,-
8,M4 - M4,A - A,M3566,-,-,-,-,-,-,-,-,-,-,-,-,-,-,-,-,-,-,-,-,-,-,-,-,-,-,-,-,-,-,-,-,-,-,-,-,-,-,-,-,-,-,-,-,-,-,-,-,-,-,-,-,-,-,-,-,-,-,-,-,-,-
5,M4 - M4,A - A,M3569,-,-,-,-,-,-,-,-,-,-,-,-,-,-,-,-,-,-,-,-,-,-,-,-,-,-,-,-,-,-,-,-,-,-,-,-,-,-,-,-,-,-,-,-,-,-,-,-,-,-,-,-,-,-,-,-,-,-,-,-,-,-
